"Label (Grouping)","United States!!Estimate","United States!!Margin of Error","United States!!Percent","United States!!Percent Margin of Error","Benton County, Washington!!Estimate","Benton County, Washington!!Margin of Error","Benton County, Washington!!Percent","Benton County, Washington!!Percent Margin of Error","Chelan County, Washington!!Estimate","Chelan County, Washington!!Margin of Error","Chelan County, Washington!!Percent","Chelan County, Washington!!Percent Margin of Error","Clallam County, Washington!!Estimate","Clallam County, Washington!!Margin of Error","Clallam County, Washington!!Percent","Clallam County, Washington!!Percent Margin of Error","Clark County, Washington!!Estimate","Clark County, Washington!!Margin of Error","Clark County, Washington!!Percent","Clark County, Washington!!Percent Margin of Error","Cowlitz County, Washington!!Estimate","Cowlitz County, Washington!!Margin of Error","Cowlitz County, Washington!!Percent","Cowlitz County, Washington!!Percent Margin of Error","Franklin County, Washington!!Estimate","Franklin County, Washington!!Margin of Error","Franklin County, Washington!!Percent","Franklin County, Washington!!Percent Margin of Error","Grant County, Washington!!Estimate","Grant County, Washington!!Margin of Error","Grant County, Washington!!Percent","Grant County, Washington!!Percent Margin of Error","Grays Harbor County, Washington!!Estimate","Grays Harbor County, Washington!!Margin of Error","Grays Harbor County, Washington!!Percent","Grays Harbor County, Washington!!Percent Margin of Error","Island County, Washington!!Estimate","Island County, Washington!!Margin of Error","Island County, Washington!!Percent","Island County, Washington!!Percent Margin of Error","King County, Washington!!Estimate","King County, Washington!!Margin of Error","King County, Washington!!Percent","King County, Washington!!Percent Margin of Error","Kitsap County, Washington!!Estimate","Kitsap County, Washington!!Margin of Error","Kitsap County, Washington!!Percent","Kitsap County, Washington!!Percent Margin of Error","Lewis County, Washington!!Estimate","Lewis County, Washington!!Margin of Error","Lewis County, Washington!!Percent","Lewis County, Washington!!Percent Margin of Error","Pierce County, Washington!!Estimate","Pierce County, Washington!!Margin of Error","Pierce County, Washington!!Percent","Pierce County, Washington!!Percent Margin of Error","Skagit County, Washington!!Estimate","Skagit County, Washington!!Margin of Error","Skagit County, Washington!!Percent","Skagit County, Washington!!Percent Margin of Error","Snohomish County, Washington!!Estimate","Snohomish County, Washington!!Margin of Error","Snohomish County, Washington!!Percent","Snohomish County, Washington!!Percent Margin of Error","Spokane County, Washington!!Estimate","Spokane County, Washington!!Margin of Error","Spokane County, Washington!!Percent","Spokane County, Washington!!Percent Margin of Error","Thurston County, Washington!!Estimate","Thurston County, Washington!!Margin of Error","Thurston County, Washington!!Percent","Thurston County, Washington!!Percent Margin of Error","Whatcom County, Washington!!Estimate","Whatcom County, Washington!!Margin of Error","Whatcom County, Washington!!Percent","Whatcom County, Washington!!Percent Margin of Error","Yakima County, Washington!!Estimate","Yakima County, Washington!!Margin of Error","Yakima County, Washington!!Percent","Yakima County, Washington!!Percent Margin of Error"
"SEX AND AGE","","","","","","","","","","","","","","","","","","","","","","","","","","","","","","","","","","","","","","","","","","","","","","","","","","","","","","","","","","","","","","","","","","","","","","","","","","","","","","","",""
"    Total population","325,719,178","*****","325,719,178","(X)","198,171","*****","198,171","(X)","76,533","*****","76,533","(X)","75,474","*****","75,474","(X)","474,643","*****","474,643","(X)","106,910","*****","106,910","(X)","92,125","*****","92,125","(X)","95,158","*****","95,158","(X)","72,697","*****","72,697","(X)","83,159","*****","83,159","(X)","2,188,649","*****","2,188,649","(X)","266,414","*****","266,414","(X)","78,200","*****","78,200","(X)","876,764","*****","876,764","(X)","125,619","*****","125,619","(X)","801,633","*****","801,633","(X)","506,152","*****","506,152","(X)","280,588","*****","280,588","(X)","221,404","*****","221,404","(X)","250,193","*****","250,193","(X)"
"        Male","160,402,504","±26,371","49.2%","±0.1","99,250","±950","50.1%","±0.5","38,422","±978","50.2%","±1.3","36,661","±688","48.6%","±0.9","234,913","±1,058","49.5%","±0.2","53,032","±927","49.6%","±0.9","47,518","±1,220","51.6%","±1.3","48,157","±696","50.6%","±0.7","37,455","±513","51.5%","±0.7","40,965","±654","49.3%","±0.8","1,097,210","±553","50.1%","±0.1","135,788","±884","51.0%","±0.3","38,649","±664","49.4%","±0.8","436,746","±422","49.8%","±0.1","61,819","±438","49.2%","±0.3","402,089","±1,011","50.2%","±0.1","250,678","±1,063","49.5%","±0.2","136,115","±1,112","48.5%","±0.4","109,435","±999","49.4%","±0.5","125,219","±330","50.0%","±0.1"
"        Female","165,316,674","±26,371","50.8%","±0.1","98,921","±950","49.9%","±0.5","38,111","±978","49.8%","±1.3","38,813","±688","51.4%","±0.9","239,730","±1,058","50.5%","±0.2","53,878","±927","50.4%","±0.9","44,607","±1,220","48.4%","±1.3","47,001","±696","49.4%","±0.7","35,242","±513","48.5%","±0.7","42,194","±654","50.7%","±0.8","1,091,439","±553","49.9%","±0.1","130,626","±884","49.0%","±0.3","39,551","±664","50.6%","±0.8","440,018","±422","50.2%","±0.1","63,800","±438","50.8%","±0.3","399,544","±1,011","49.8%","±0.1","255,474","±1,063","50.5%","±0.2","144,473","±1,112","51.5%","±0.4","111,969","±999","50.6%","±0.5","124,974","±330","50.0%","±0.1"
"        Sex ratio (males per 100 females)","97.0","±0.1","(X)","(X)","100.3","±1.9","(X)","(X)","100.8","±5.2","(X)","(X)","94.5","±3.4","(X)","(X)","98.0","±0.9","(X)","(X)","98.4","±3.4","(X)","(X)","106.5","±5.6","(X)","(X)","102.5","±3.0","(X)","(X)","106.3","±3.0","(X)","(X)","97.1","±3.1","(X)","(X)","100.5","±0.1","(X)","(X)","104.0","±1.4","(X)","(X)","97.7","±3.3","(X)","(X)","99.3","±0.2","(X)","(X)","96.9","±1.4","(X)","(X)","100.6","±0.5","(X)","(X)","98.1","±0.8","(X)","(X)","94.2","±1.5","(X)","(X)","97.7","±1.8","(X)","(X)","100.2","±0.5","(X)","(X)"
"    Under 5 years","19,795,159","±20,249","6.1%","±0.1","13,935","±516","7.0%","±0.3","4,697","±4","6.1%","±0.1","3,514","±371","4.7%","±0.5","29,168","±465","6.1%","±0.1","6,232","±586","5.8%","±0.5","8,129","±367","8.8%","±0.4","7,272","±146","7.6%","±0.2","3,917","±218","5.4%","±0.3","4,648","±470","5.6%","±0.6","128,908","*****","5.9%","*****","15,341","±5","5.8%","±0.1","4,569","±538","5.8%","±0.7","59,263","*****","6.8%","*****","7,418","±179","5.9%","±0.1","50,932","±247","6.4%","±0.1","31,210","±97","6.2%","±0.1","16,564","±1,019","5.9%","±0.4","11,918","±186","5.4%","±0.1","20,593","±686","8.2%","±0.3"
"    5 to 9 years","20,095,947","±62,409","6.2%","±0.1","16,276","±1,434","8.2%","±0.7","5,412","±953","7.1%","±1.2","3,943","±753","5.2%","±1.0","33,303","±2,126","7.0%","±0.4","5,954","±1,296","5.6%","±1.2","7,696","±1,342","8.4%","±1.5","8,250","±797","8.7%","±0.8","4,577","±684","6.3%","±0.9","4,670","±813","5.6%","±1.0","131,651","±4,791","6.0%","±0.2","15,741","±1,377","5.9%","±0.5","4,708","±1,011","6.0%","±1.3","57,691","±2,899","6.6%","±0.3","7,483","±913","6.0%","±0.7","48,168","±2,483","6.0%","±0.3","29,682","±2,712","5.9%","±0.5","16,672","±1,570","5.9%","±0.6","11,581","±1,591","5.2%","±0.7","20,113","±1,795","8.0%","±0.7"
"    10 to 14 years","21,130,768","±56,442","6.5%","±0.1","13,660","±1,504","6.9%","±0.8","4,702","±948","6.1%","±1.2","3,371","±819","4.5%","±1.1","32,435","±2,061","6.8%","±0.4","8,019","±1,244","7.5%","±1.2","9,241","±1,539","10.0%","±1.7","8,237","±831","8.7%","±0.9","3,888","±679","5.3%","±0.9","3,937","±820","4.7%","±1.0","115,967","±4,767","5.3%","±0.2","14,533","±1,387","5.5%","±0.5","4,533","±1,191","5.8%","±1.5","56,524","±2,899","6.4%","±0.3","8,529","±832","6.8%","±0.7","53,165","±2,366","6.6%","±0.3","32,420","±2,690","6.4%","±0.5","17,729","±1,713","6.3%","±0.6","12,403","±1,638","5.6%","±0.7","21,671","±1,717","8.7%","±0.7"
"    15 to 19 years","21,497,166","±38,471","6.6%","±0.1","13,489","±859","6.8%","±0.4","6,630","±1,289","8.7%","±1.7","2,608","±457","3.5%","±0.6","30,938","±860","6.5%","±0.2","6,150","±598","5.8%","±0.6","6,319","±850","6.9%","±0.9","6,872","±774","7.2%","±0.8","4,150","±754","5.7%","±1.0","3,129","±800","3.8%","±1.0","117,479","±697","5.4%","±0.1","15,450","±984","5.8%","±0.4","4,842","±635","6.2%","±0.8","53,441","±736","6.1%","±0.1","7,154","±465","5.7%","±0.4","46,291","±851","5.8%","±0.1","33,071","±817","6.5%","±0.2","16,238","±873","5.8%","±0.3","16,033","±1,056","7.2%","±0.5","18,778","±369","7.5%","±0.1"
"    20 to 24 years","21,950,055","±33,648","6.7%","±0.1","12,182","±793","6.1%","±0.4","3,929","±1,066","5.1%","±1.4","4,028","±465","5.3%","±0.6","26,915","±910","5.7%","±0.2","5,831","±1,060","5.5%","±1.0","7,110","±998","7.7%","±1.1","7,141","±916","7.5%","±1.0","3,260","±719","4.5%","±1.0","5,963","±685","7.2%","±0.8","131,904","±1,047","6.0%","±0.1","20,475","±1,226","7.7%","±0.5","3,811","±437","4.9%","±0.6","59,918","±768","6.8%","±0.1","7,079","±552","5.6%","±0.4","47,838","±917","6.0%","±0.1","35,548","±1,079","7.0%","±0.2","17,254","±1,194","6.1%","±0.4","22,225","±1,339","10.0%","±0.6","17,221","±520","6.9%","±0.2"
"    25 to 34 years","44,965,735","±36,952","13.8%","±0.1","26,889","±679","13.6%","±0.3","8,151","±1,184","10.7%","±1.5","7,589","±419","10.1%","±0.6","62,046","±1,043","13.1%","±0.2","13,426","±865","12.6%","±0.8","14,293","±614","15.5%","±0.7","12,451","±779","13.1%","±0.8","8,621","±422","11.9%","±0.6","11,977","±1,087","14.4%","±1.3","390,742","±1,016","17.9%","±0.1","37,401","±961","14.0%","±0.4","8,435","±372","10.8%","±0.5","136,674","±1,025","15.6%","±0.1","15,217","±875","12.1%","±0.7","117,156","±1,043","14.6%","±0.1","73,010","±1,375","14.4%","±0.3","39,241","±1,732","14.0%","±0.6","29,207","±1,275","13.2%","±0.6","33,648","±942","13.4%","±0.4"
"    35 to 44 years","41,117,905","±35,116","12.6%","±0.1","25,039","±579","12.6%","±0.3","8,347","±1,188","10.9%","±1.6","7,555","±491","10.0%","±0.7","63,508","±894","13.4%","±0.2","11,784","±737","11.0%","±0.7","12,674","±535","13.8%","±0.6","11,137","±256","11.7%","±0.3","8,619","±454","11.9%","±0.6","8,217","±801","9.9%","±1.0","326,747","±823","14.9%","±0.1","30,627","±1,153","11.5%","±0.4","10,184","±756","13.0%","±1.0","113,043","±926","12.9%","±0.1","14,474","±1,040","11.5%","±0.8","112,758","±921","14.1%","±0.1","61,881","±1,681","12.2%","±0.3","37,549","±1,250","13.4%","±0.4","26,431","±854","11.9%","±0.4","29,034","±457","11.6%","±0.2"
"    45 to 54 years","42,330,955","±34,932","13.0%","±0.1","23,386","±584","11.8%","±0.3","9,464","±1,308","12.4%","±1.7","7,933","±618","10.5%","±0.8","63,931","±849","13.5%","±0.2","14,638","±776","13.7%","±0.7","10,087","±612","10.9%","±0.7","10,700","±570","11.2%","±0.6","9,003","±482","12.4%","±0.7","8,878","±649","10.7%","±0.8","296,357","±659","13.5%","±0.1","32,849","±984","12.3%","±0.4","9,411","±642","12.0%","±0.8","112,064","±941","12.8%","±0.1","15,031","±1,061","12.0%","±0.8","112,662","±658","14.1%","±0.1","62,764","±1,496","12.4%","±0.3","34,821","±1,054","12.4%","±0.4","26,532","±778","12.0%","±0.4","28,378","±598","11.3%","±0.2"
"    55 to 59 years","21,765,184","±53,487","6.7%","±0.1","13,551","±1,417","6.8%","±0.7","5,388","±886","7.0%","±1.2","6,390","±838","8.5%","±1.1","31,312","±1,613","6.6%","±0.3","7,209","±1,174","6.7%","±1.1","4,065","±885","4.4%","±1.0","5,233","±886","5.5%","±0.9","4,909","±967","6.8%","±1.3","5,197","±777","6.2%","±0.9","135,319","±4,250","6.2%","±0.2","18,054","±1,731","6.8%","±0.6","6,087","±927","7.8%","±1.2","56,865","±2,600","6.5%","±0.3","9,055","±926","7.2%","±0.7","54,397","±2,478","6.8%","±0.3","34,262","±2,041","6.8%","±0.4","19,174","±1,617","6.8%","±0.6","14,779","±1,621","6.7%","±0.7","13,785","±1,293","5.5%","±0.5"
"    60 to 64 years","20,254,592","±55,486","6.2%","±0.1","11,155","±1,258","5.6%","±0.6","5,784","±1,345","7.6%","±1.8","6,475","±930","8.6%","±1.2","30,190","±1,456","6.4%","±0.3","7,945","±1,141","7.4%","±1.1","4,016","±945","4.4%","±1.0","4,721","±825","5.0%","±0.9","6,606","±964","9.1%","±1.3","6,608","±823","7.9%","±1.0","129,617","±4,250","5.9%","±0.2","19,528","±1,690","7.3%","±0.6","5,395","±760","6.9%","±1.0","53,424","±2,540","6.1%","±0.3","8,485","±861","6.8%","±0.7","54,048","±2,511","6.7%","±0.3","32,918","±2,179","6.5%","±0.4","17,534","±1,671","6.2%","±0.6","12,552","±1,530","5.7%","±0.7","13,290","±1,354","5.3%","±0.5"
"    65 to 74 years","29,731,876","±21,417","9.1%","±0.1","17,199","±874","8.7%","±0.4","8,587","±1,006","11.2%","±1.3","12,896","±413","17.1%","±0.5","44,584","±743","9.4%","±0.2","11,855","±343","11.1%","±0.3","5,651","±938","6.1%","±1.0","8,324","±503","8.7%","±0.5","9,257","±302","12.7%","±0.4","12,502","±545","15.0%","±0.7","171,345","±451","7.8%","±0.1","29,997","±866","11.3%","±0.3","9,672","±222","12.4%","±0.3","71,626","±593","8.2%","±0.1","15,498","±759","12.3%","±0.6","64,602","±643","8.1%","±0.1","48,203","±967","9.5%","±0.2","30,357","±813","10.8%","±0.3","23,339","±681","10.5%","±0.3","19,334","±285","7.7%","±0.1"
"    75 to 84 years","14,824,363","±38,830","4.6%","±0.1","8,236","±1,182","4.2%","±0.6","3,702","±500","4.8%","±0.7","7,529","±719","10.0%","±1.0","17,055","±1,378","3.6%","±0.3","5,186","±710","4.9%","±0.7","2,128","±852","2.3%","±0.9","3,955","±465","4.2%","±0.5","4,124","±583","5.7%","±0.8","5,896","±600","7.1%","±0.7","74,859","±2,863","3.4%","±0.1","11,611","±1,112","4.4%","±0.4","4,908","±605","6.3%","±0.8","32,974","±1,382","3.8%","±0.2","7,225","±747","5.8%","±0.6","27,583","±1,398","3.4%","±0.2","21,819","±1,355","4.3%","±0.3","13,063","±866","4.7%","±0.3","10,365","±1,047","4.7%","±0.5","10,187","±1,044","4.1%","±0.4"
"    85 years and over","6,259,473","±36,320","1.9%","±0.1","3,174","±852","1.6%","±0.4","1,740","±500","2.3%","±0.7","1,643","±569","2.2%","±0.8","9,258","±1,304","2.0%","±0.3","2,681","±650","2.5%","±0.6","716","±330","0.8%","±0.4","865","±426","0.9%","±0.4","1,766","±534","2.4%","±0.7","1,537","±582","1.8%","±0.7","37,754","±2,796","1.7%","±0.1","4,807","±1,076","1.8%","±0.4","1,645","±442","2.1%","±0.6","13,257","±1,298","1.5%","±0.1","2,971","±550","2.4%","±0.4","12,033","±1,403","1.5%","±0.2","9,364","±1,241","1.9%","±0.2","4,392","±742","1.6%","±0.3","4,039","±922","1.8%","±0.4","4,161","±1,013","1.7%","±0.4"
"    Median age (years)","38.1","±0.1","(X)","(X)","36.1","±0.4","(X)","(X)","40.6","±1.3","(X)","(X)","51.4","±1.3","(X)","(X)","38.6","±0.3","(X)","(X)","40.2","±1.3","(X)","(X)","30.5","±0.5","(X)","(X)","33.3","±0.8","(X)","(X)","44.1","±0.8","(X)","(X)","43.5","±0.9","(X)","(X)","37.1","±0.1","(X)","(X)","39.1","±0.4","(X)","(X)","41.8","±1.0","(X)","(X)","36.1","±0.2","(X)","(X)","41.9","±0.8","(X)","(X)","38.1","±0.3","(X)","(X)","37.6","±0.4","(X)","(X)","39.4","±0.7","(X)","(X)","37.5","±0.5","(X)","(X)","32.7","±0.4","(X)","(X)"
"    Under 18 years","73,648,683","±36,202","22.6%","±0.1","52,968","±250","26.7%","±0.1","18,481","±786","24.1%","±1.0","12,778","±316","16.9%","±0.4","115,419","*****","24.3%","*****","24,515","±545","22.9%","±0.5","29,411","±671","31.9%","±0.7","28,308","±99","29.7%","±0.1","15,020","±358","20.7%","±0.5","15,300","±321","18.4%","±0.4","447,348","*****","20.4%","*****","55,081","±217","20.7%","±0.1","16,943","±290","21.7%","±0.4","206,928","*****","23.6%","*****","27,869","±165","22.2%","±0.1","182,236","*****","22.7%","*****","112,390","*****","22.2%","*****","61,271","±314","21.8%","±0.1","43,196","±140","19.5%","±0.1","74,372","±470","29.7%","±0.2"
"    16 years and over","260,564,248","±51,178","80.0%","±0.1","151,730","±759","76.6%","±0.4","60,741","±972","79.4%","±1.3","63,990","±471","84.8%","±0.6","372,735","±1,065","78.5%","±0.2","84,931","±688","79.4%","±0.6","65,541","±931","71.1%","±1.0","69,370","±735","72.9%","±0.8","59,071","±600","81.3%","±0.8","69,167","±464","83.2%","±0.6","1,790,036","±2,238","81.8%","±0.1","217,422","±797","81.6%","±0.3","63,557","±744","81.3%","±1.0","691,381","±1,413","78.9%","±0.2","100,634","±509","80.1%","±0.4","639,929","±1,346","79.8%","±0.2","406,376","±1,121","80.3%","±0.2","226,097","±860","80.6%","±0.3","183,284","±728","82.8%","±0.3","184,248","±850","73.6%","±0.3"
"    18 years and over","252,070,495","±36,202","77.4%","±0.1","145,203","±250","73.3%","±0.1","58,052","±786","75.9%","±1.0","62,696","±316","83.1%","±0.4","359,224","*****","75.7%","*****","82,395","±545","77.1%","±0.5","62,714","±671","68.1%","±0.7","66,850","±99","70.3%","±0.1","57,677","±358","79.3%","±0.5","67,859","±321","81.6%","±0.4","1,741,301","*****","79.6%","*****","211,333","±217","79.3%","±0.1","61,257","±290","78.3%","±0.4","669,836","*****","76.4%","*****","97,750","±165","77.8%","±0.1","619,397","*****","77.3%","*****","393,762","*****","77.8%","*****","219,317","±314","78.2%","±0.1","178,208","±140","80.5%","±0.1","175,821","±470","70.3%","±0.2"
"    21 years and over","238,648,563","±85,461","73.3%","±0.1","137,822","±1,092","69.5%","±0.6","53,491","±1,581","69.9%","±2.1","60,656","±623","80.4%","±0.8","343,450","±1,201","72.4%","±0.3","79,872","±693","74.7%","±0.6","59,753","±1,086","64.9%","±1.2","62,859","±1,126","66.1%","±1.2","55,674","±889","76.6%","±1.2","65,912","±896","79.3%","±1.1","1,671,903","±2,867","76.4%","±0.1","200,937","±1,311","75.4%","±0.5","58,549","±731","74.9%","±0.9","637,270","±2,414","72.7%","±0.3","93,242","±772","74.2%","±0.6","594,472","±1,821","74.2%","±0.2","370,427","±1,682","73.2%","±0.3","209,668","±1,061","74.7%","±0.4","164,204","±2,361","74.2%","±1.1","163,819","±1,250","65.5%","±0.5"
"    62 years and over","62,536,354","±59,241","19.2%","±0.1","35,982","±1,392","18.2%","±0.7","16,984","±1,444","22.2%","±1.9","26,249","±833","34.8%","±1.1","88,337","±1,510","18.6%","±0.3","24,879","±994","23.3%","±0.9","10,619","±1,043","11.5%","±1.1","15,423","±751","16.2%","±0.8","19,276","±958","26.5%","±1.3","23,444","±956","28.2%","±1.1","362,157","±3,834","16.5%","±0.2","59,122","±1,884","22.2%","±0.7","19,271","±745","24.6%","±1.0","149,891","±2,290","17.1%","±0.3","31,035","±901","24.7%","±0.7","136,365","±2,187","17.0%","±0.3","98,562","±1,765","19.5%","±0.3","57,193","±1,400","20.4%","±0.5","45,300","±1,329","20.5%","±0.6","40,455","±1,059","16.2%","±0.4"
"    65 years and over","50,815,712","±21,685","15.6%","±0.1","28,609","±845","14.4%","±0.4","14,029","±1,006","18.3%","±1.3","22,068","±453","29.2%","±0.6","70,897","±821","14.9%","±0.2","19,722","±421","18.4%","±0.4","8,495","±1,021","9.2%","±1.1","13,144","±515","13.8%","±0.5","15,147","±360","20.8%","±0.5","19,935","±549","24.0%","±0.7","283,958","±739","13.0%","±0.1","46,415","±853","17.4%","±0.3","16,225","±359","20.7%","±0.5","117,857","±472","13.4%","±0.1","25,694","±413","20.5%","±0.3","104,218","±331","13.0%","±0.1","79,386","±739","15.7%","±0.1","47,812","±803","17.0%","±0.3","37,743","±604","17.0%","±0.3","33,682","±282","13.5%","±0.1"
"    18 years and over","252,070,495","±36,202","252,070,495","(X)","145,203","±250","145,203","(X)","58,052","±786","58,052","(X)","62,696","±316","62,696","(X)","359,224","*****","359,224","(X)","82,395","±545","82,395","(X)","62,714","±671","62,714","(X)","66,850","±99","66,850","(X)","57,677","±358","57,677","(X)","67,859","±321","67,859","(X)","1,741,301","*****","1,741,301","(X)","211,333","±217","211,333","(X)","61,257","±290","61,257","(X)","669,836","*****","669,836","(X)","97,750","±165","97,750","(X)","619,397","*****","619,397","(X)","393,762","*****","393,762","(X)","219,317","±314","219,317","(X)","178,208","±140","178,208","(X)","175,821","±470","175,821","(X)"
"        Male","122,729,360","±25,159","48.7%","±0.1","72,168","±449","49.7%","±0.3","28,724","±464","49.5%","±0.8","30,230","±487","48.2%","±0.8","176,073","±461","49.0%","±0.1","41,006","±785","49.8%","±0.7","33,376","±898","53.2%","±1.1","33,799","±209","50.6%","±0.3","29,707","±376","51.5%","±0.4","33,263","±419","49.0%","±0.6","868,744","*****","49.9%","*****","107,922","±524","51.1%","±0.2","30,175","±363","49.3%","±0.5","330,577","*****","49.4%","*****","47,799","±233","48.9%","±0.2","308,795","±761","49.9%","±0.1","193,791","±361","49.2%","±0.1","105,385","±374","48.1%","±0.1","87,605","±362","49.2%","±0.2","87,023","±701","49.5%","±0.3"
"        Female","129,341,135","±23,944","51.3%","±0.1","73,035","±420","50.3%","±0.3","29,328","±757","50.5%","±0.8","32,466","±525","51.8%","±0.8","183,151","±462","51.0%","±0.1","41,389","±470","50.2%","±0.7","29,338","±570","46.8%","±1.1","33,051","±208","49.4%","±0.3","27,970","±158","48.5%","±0.4","34,596","±403","51.0%","±0.6","872,557","*****","50.1%","*****","103,411","±439","48.9%","±0.2","31,082","±270","50.7%","±0.5","339,259","*****","50.6%","*****","49,951","±215","51.1%","±0.2","310,602","±761","50.1%","±0.1","199,971","±361","50.8%","±0.1","113,932","±185","51.9%","±0.1","90,603","±331","50.8%","±0.2","88,798","±318","50.5%","±0.3"
"        Sex ratio (males per 100 females)","94.9","±0.1","(X)","(X)","98.8","±1.1","(X)","(X)","97.9","±3.3","(X)","(X)","93.1","±2.9","(X)","(X)","96.1","±0.5","(X)","(X)","99.1","±2.8","(X)","(X)","113.8","±4.8","(X)","(X)","102.3","±1.2","(X)","(X)","106.2","±1.6","(X)","(X)","96.1","±2.1","(X)","(X)","99.6","*****","(X)","(X)","104.4","±0.9","(X)","(X)","97.1","±1.8","(X)","(X)","97.4","*****","(X)","(X)","95.7","±0.8","(X)","(X)","99.4","±0.5","(X)","(X)","96.9","±0.4","(X)","(X)","92.5","±0.4","(X)","(X)","96.7","±0.7","(X)","(X)","98.0","±1.1","(X)","(X)"
"    65 years and over","50,815,712","±21,685","50,815,712","(X)","28,609","±845","28,609","(X)","14,029","±1,006","14,029","(X)","22,068","±453","22,068","(X)","70,897","±821","70,897","(X)","19,722","±421","19,722","(X)","8,495","±1,021","8,495","(X)","13,144","±515","13,144","(X)","15,147","±360","15,147","(X)","19,935","±549","19,935","(X)","283,958","±739","283,958","(X)","46,415","±853","46,415","(X)","16,225","±359","16,225","(X)","117,857","±472","117,857","(X)","25,694","±413","25,694","(X)","104,218","±331","104,218","(X)","79,386","±739","79,386","(X)","47,812","±803","47,812","(X)","37,743","±604","37,743","(X)","33,682","±282","33,682","(X)"
"        Male","22,520,449","±12,681","44.3%","±0.1","12,981","±524","45.4%","±1.2","6,594","±582","47.0%","±1.3","10,264","±323","46.5%","±1.2","31,880","±499","45.0%","±0.6","9,253","±317","46.9%","±1.1","4,342","±667","51.1%","±4.1","6,487","±420","49.4%","±1.6","7,267","±293","48.0%","±1.1","9,136","±311","45.8%","±1.5","126,035","±435","44.4%","±0.1","21,578","±546","46.5%","±0.7","7,661","±166","47.2%","±1.2","52,682","±258","44.7%","±0.1","11,755","±326","45.7%","±0.8","46,553","±296","44.7%","±0.2","35,873","±599","45.2%","±0.5","21,124","±539","44.2%","±0.8","17,814","±489","47.2%","±1.0","15,533","±213","46.1%","±0.5"
"        Female","28,295,263","±14,204","55.7%","±0.1","15,628","±562","54.6%","±1.2","7,435","±475","53.0%","±1.3","11,804","±359","53.5%","±1.2","39,017","±638","55.0%","±0.6","10,469","±284","53.1%","±1.1","4,153","±562","48.9%","±4.1","6,657","±214","50.6%","±1.6","7,880","±192","52.0%","±1.1","10,799","±487","54.2%","±1.5","157,923","±465","55.6%","±0.1","24,837","±499","53.5%","±0.7","8,564","±336","52.8%","±1.2","65,175","±279","55.3%","±0.1","13,939","±257","54.3%","±0.8","57,665","±155","55.3%","±0.2","43,513","±402","54.8%","±0.5","26,688","±570","55.8%","±0.8","19,929","±468","52.8%","±1.0","18,149","±220","53.9%","±0.5"
"        Sex ratio (males per 100 females)","79.6","±0.1","(X)","(X)","83.1","±4.0","(X)","(X)","88.7","±4.6","(X)","(X)","87.0","±4.0","(X)","(X)","81.7","±1.8","(X)","(X)","88.4","±3.9","(X)","(X)","104.6","±17.1","(X)","(X)","97.4","±6.3","(X)","(X)","92.2","±4.2","(X)","(X)","84.6","±5.0","(X)","(X)","79.8","±0.3","(X)","(X)","86.9","±2.3","(X)","(X)","89.5","±4.1","(X)","(X)","80.8","±0.4","(X)","(X)","84.3","±2.8","(X)","(X)","80.7","±0.6","(X)","(X)","82.4","±1.5","(X)","(X)","79.2","±2.6","(X)","(X)","89.4","±3.5","(X)","(X)","85.6","±1.7","(X)","(X)"
"RACE","","","","","","","","","","","","","","","","","","","","","","","","","","","","","","","","","","","","","","","","","","","","","","","","","","","","","","","","","","","","","","","","","","","","","","","","","","","","","","","",""
"    Total population","325,719,178","*****","325,719,178","(X)","198,171","*****","198,171","(X)","76,533","*****","76,533","(X)","75,474","*****","75,474","(X)","474,643","*****","474,643","(X)","106,910","*****","106,910","(X)","92,125","*****","92,125","(X)","95,158","*****","95,158","(X)","72,697","*****","72,697","(X)","83,159","*****","83,159","(X)","2,188,649","*****","2,188,649","(X)","266,414","*****","266,414","(X)","78,200","*****","78,200","(X)","876,764","*****","876,764","(X)","125,619","*****","125,619","(X)","801,633","*****","801,633","(X)","506,152","*****","506,152","(X)","280,588","*****","280,588","(X)","221,404","*****","221,404","(X)","250,193","*****","250,193","(X)"
"        One race","315,003,713","±93,074","96.7%","±0.1","192,183","±1,680","97.0%","±0.8","73,966","±1,012","96.6%","±1.3","72,373","±742","95.9%","±1.0","451,537","±2,604","95.1%","±0.5","100,318","±1,405","93.8%","±1.3","87,196","±1,825","94.6%","±2.0","91,971","±1,737","96.7%","±1.8","69,753","±752","96.0%","±1.0","79,432","±1,355","95.5%","±1.6","2,047,275","±10,135","93.5%","±0.5","249,918","±2,107","93.8%","±0.8","73,687","±1,100","94.2%","±1.4","804,230","±5,351","91.7%","±0.6","121,066","±825","96.4%","±0.7","746,881","±5,117","93.2%","±0.6","480,158","±2,762","94.9%","±0.5","260,429","±2,484","92.8%","±0.9","210,290","±1,754","95.0%","±0.8","242,068","±1,789","96.8%","±0.7"
"        Two or more races","10,715,465","±93,074","3.3%","±0.1","5,988","±1,680","3.0%","±0.8","2,567","±1,012","3.4%","±1.3","3,101","±742","4.1%","±1.0","23,106","±2,604","4.9%","±0.5","6,592","±1,405","6.2%","±1.3","4,929","±1,825","5.4%","±2.0","3,187","±1,737","3.3%","±1.8","2,944","±752","4.0%","±1.0","3,727","±1,355","4.5%","±1.6","141,374","±10,135","6.5%","±0.5","16,496","±2,107","6.2%","±0.8","4,513","±1,100","5.8%","±1.4","72,534","±5,351","8.3%","±0.6","4,553","±825","3.6%","±0.7","54,752","±5,117","6.8%","±0.6","25,994","±2,762","5.1%","±0.5","20,159","±2,484","7.2%","±0.9","11,114","±1,754","5.0%","±0.8","8,125","±1,789","3.2%","±0.7"
"    One race","315,003,713","±93,074","96.7%","±0.1","192,183","±1,680","97.0%","±0.8","73,966","±1,012","96.6%","±1.3","72,373","±742","95.9%","±1.0","451,537","±2,604","95.1%","±0.5","100,318","±1,405","93.8%","±1.3","87,196","±1,825","94.6%","±2.0","91,971","±1,737","96.7%","±1.8","69,753","±752","96.0%","±1.0","79,432","±1,355","95.5%","±1.6","2,047,275","±10,135","93.5%","±0.5","249,918","±2,107","93.8%","±0.8","73,687","±1,100","94.2%","±1.4","804,230","±5,351","91.7%","±0.6","121,066","±825","96.4%","±0.7","746,881","±5,117","93.2%","±0.6","480,158","±2,762","94.9%","±0.5","260,429","±2,484","92.8%","±0.9","210,290","±1,754","95.0%","±0.8","242,068","±1,789","96.8%","±0.7"
"        White","235,507,457","±124,475","72.3%","±0.1","164,430","±4,290","83.0%","±2.2","63,002","±4,629","82.3%","±6.0","65,698","±741","87.0%","±1.0","403,992","±3,293","85.1%","±0.7","94,789","±1,389","88.7%","±1.3","63,484","±4,508","68.9%","±4.9","61,861","±3,028","65.0%","±3.2","63,735","±644","87.7%","±0.9","69,586","±1,058","83.7%","±1.3","1,397,976","±8,129","63.9%","±0.4","217,572","±2,073","81.7%","±0.8","70,008","±1,021","89.5%","±1.3","643,294","±4,871","73.4%","±0.6","101,932","±2,443","81.1%","±1.9","604,112","±5,275","75.4%","±0.7","445,297","±2,401","88.0%","±0.5","227,553","±2,155","81.1%","±0.8","186,032","±2,006","84.0%","±0.9","192,331","±6,129","76.9%","±2.4"
"        Black or African American","41,393,491","±70,528","12.7%","±0.1","3,095","±595","1.6%","±0.3","275","±278","0.4%","±0.4","780","±299","1.0%","±0.4","8,423","±1,439","1.8%","±0.3","1,869","±1,050","1.7%","±1.0","1,654","±1,146","1.8%","±1.2","257","±246","0.3%","±0.3","717","±392","1.0%","±0.5","3,054","±582","3.7%","±0.7","136,200","±5,470","6.2%","±0.2","6,892","±901","2.6%","±0.3","310","±220","0.4%","±0.3","60,166","±3,585","6.9%","±0.4","944","±480","0.8%","±0.4","23,136","±1,822","2.9%","±0.2","7,131","±1,566","1.4%","±0.3","8,319","±1,452","3.0%","±0.5","2,493","±439","1.1%","±0.2","1,484","±984","0.6%","±0.4"
"        American Indian and Alaska Native","2,726,278","±34,715","0.8%","±0.1","2,536","±1,993","1.3%","±1.0","476","±429","0.6%","±0.6","3,829","±585","5.1%","±0.8","2,058","±732","0.4%","±0.2","1,120","±683","1.0%","±0.6","2,662","±1,884","2.9%","±2.0","2,341","±912","2.5%","±1.0","3,120","±569","4.3%","±0.8","1,180","±536","1.4%","±0.6","10,139","±2,102","0.5%","±0.1","3,062","±702","1.1%","±0.3","525","±377","0.7%","±0.5","9,818","±2,605","1.1%","±0.3","2,150","±496","1.7%","±0.4","6,004","±1,104","0.7%","±0.1","6,855","±1,627","1.4%","±0.3","2,914","±804","1.0%","±0.3","6,887","±1,036","3.1%","±0.5","10,379","±1,212","4.1%","±0.5"
"            Cherokee tribal grouping","291,434","±9,420","0.1%","±0.1","0","±204","0.0%","±0.1","0","±204","0.0%","±0.2","0","±204","0.0%","±0.2","0","±204","0.0%","±0.1","0","±204","0.0%","±0.2","0","±204","0.0%","±0.2","0","±204","0.0%","±0.2","0","±204","0.0%","±0.2","0","±204","0.0%","±0.2","0","±204","0.0%","±0.1","0","±204","0.0%","±0.1","0","±204","0.0%","±0.2","0","±204","0.0%","±0.1","0","±204","0.0%","±0.1","0","±204","0.0%","±0.1","0","±204","0.0%","±0.1","0","±204","0.0%","±0.1","0","±204","0.0%","±0.1","0","±204","0.0%","±0.1"
"            Chippewa tribal grouping","118,195","±5,268","0.0%","±0.1","0","±204","0.0%","±0.1","0","±204","0.0%","±0.2","0","±204","0.0%","±0.2","0","±204","0.0%","±0.1","0","±204","0.0%","±0.2","0","±204","0.0%","±0.2","0","±204","0.0%","±0.2","0","±204","0.0%","±0.2","0","±204","0.0%","±0.2","0","±204","0.0%","±0.1","0","±204","0.0%","±0.1","0","±204","0.0%","±0.2","0","±204","0.0%","±0.1","0","±204","0.0%","±0.1","0","±204","0.0%","±0.1","0","±204","0.0%","±0.1","0","±204","0.0%","±0.1","0","±204","0.0%","±0.1","0","±204","0.0%","±0.1"
"            Navajo tribal grouping","329,207","±10,208","0.1%","±0.1","0","±204","0.0%","±0.1","0","±204","0.0%","±0.2","0","±204","0.0%","±0.2","0","±204","0.0%","±0.1","0","±204","0.0%","±0.2","0","±204","0.0%","±0.2","0","±204","0.0%","±0.2","0","±204","0.0%","±0.2","0","±204","0.0%","±0.2","0","±204","0.0%","±0.1","0","±204","0.0%","±0.1","0","±204","0.0%","±0.2","0","±204","0.0%","±0.1","0","±204","0.0%","±0.1","0","±204","0.0%","±0.1","0","±204","0.0%","±0.1","0","±204","0.0%","±0.1","0","±204","0.0%","±0.1","0","±204","0.0%","±0.1"
"            Sioux tribal grouping","112,575","±5,974","0.0%","±0.1","0","±204","0.0%","±0.1","0","±204","0.0%","±0.2","0","±204","0.0%","±0.2","0","±204","0.0%","±0.1","0","±204","0.0%","±0.2","0","±204","0.0%","±0.2","0","±204","0.0%","±0.2","0","±204","0.0%","±0.2","0","±204","0.0%","±0.2","0","±204","0.0%","±0.1","0","±204","0.0%","±0.1","0","±204","0.0%","±0.2","0","±204","0.0%","±0.1","0","±204","0.0%","±0.1","0","±204","0.0%","±0.1","0","±204","0.0%","±0.1","0","±204","0.0%","±0.1","0","±204","0.0%","±0.1","0","±204","0.0%","±0.1"
"        Asian","18,215,328","±37,389","5.6%","±0.1","6,642","±961","3.4%","±0.5","862","±780","1.1%","±1.0","1,450","±467","1.9%","±0.6","23,555","±1,482","5.0%","±0.3","1,362","±531","1.3%","±0.5","2,356","±1,124","2.6%","±1.2","1,219","±459","1.3%","±0.5","1,335","±208","1.8%","±0.3","4,337","±917","5.2%","±1.1","381,911","±5,767","17.4%","±0.3","15,082","±1,428","5.7%","±0.5","1,193","±473","1.5%","±0.6","52,764","±3,266","6.0%","±0.4","2,239","±293","1.8%","±0.2","87,361","±3,330","10.9%","±0.4","11,346","±1,483","2.2%","±0.3","16,013","±1,543","5.7%","±0.5","8,851","±1,317","4.0%","±0.6","2,263","±678","0.9%","±0.3"
"            Asian Indian","4,094,539","±47,530","1.3%","±0.1","1,620","±971","0.8%","±0.5","N","N","N","N","N","N","N","N","4,105","±1,628","0.9%","±0.3","N","N","N","N","N","N","N","N","N","N","N","N","N","N","N","N","60","±93","0.1%","±0.1","79,913","±6,492","3.7%","±0.3","710","±796","0.3%","±0.3","N","N","N","N","2,101","±1,446","0.2%","±0.2","74","±113","0.1%","±0.1","16,064","±3,680","2.0%","±0.5","165","±231","0.0%","±0.1","1,020","±593","0.4%","±0.2","2,885","±1,577","1.3%","±0.7","N","N","N","N"
"            Chinese","4,344,981","±44,409","1.3%","±0.1","895","±431","0.5%","±0.2","N","N","N","N","N","N","N","N","4,902","±1,306","1.0%","±0.3","N","N","N","N","N","N","N","N","N","N","N","N","N","N","N","N","368","±394","0.4%","±0.5","107,823","±8,186","4.9%","±0.4","2,038","±1,149","0.8%","±0.4","N","N","N","N","5,347","±1,457","0.6%","±0.2","246","±190","0.2%","±0.2","12,508","±2,926","1.6%","±0.4","1,710","±740","0.3%","±0.1","2,028","±1,013","0.7%","±0.4","1,471","±832","0.7%","±0.4","N","N","N","N"
"            Filipino","2,911,668","±48,265","0.9%","±0.1","1,187","±694","0.6%","±0.4","N","N","N","N","N","N","N","N","2,762","±1,162","0.6%","±0.2","N","N","N","N","N","N","N","N","N","N","N","N","N","N","N","N","2,951","±1,255","3.5%","±1.5","52,579","±5,486","2.4%","±0.3","9,350","±1,795","3.5%","±0.7","N","N","N","N","14,997","±2,636","1.7%","±0.3","890","±341","0.7%","±0.3","19,045","±4,227","2.4%","±0.5","2,619","±1,087","0.5%","±0.2","4,110","±1,643","1.5%","±0.6","1,414","±835","0.6%","±0.4","N","N","N","N"
"            Japanese","770,546","±22,004","0.2%","±0.1","132","±151","0.1%","±0.1","N","N","N","N","N","N","N","N","1,839","±887","0.4%","±0.2","N","N","N","N","N","N","N","N","N","N","N","N","N","N","N","N","334","±303","0.4%","±0.4","20,409","±3,532","0.9%","±0.2","679","±399","0.3%","±0.1","N","N","N","N","3,696","±1,121","0.4%","±0.1","325","±281","0.3%","±0.2","3,294","±961","0.4%","±0.1","1,107","±583","0.2%","±0.1","642","±337","0.2%","±0.1","471","±331","0.2%","±0.1","N","N","N","N"
"            Korean","1,477,282","±29,508","0.5%","±0.1","456","±420","0.2%","±0.2","N","N","N","N","N","N","N","N","2,232","±931","0.5%","±0.2","N","N","N","N","N","N","N","N","N","N","N","N","N","N","N","N","226","±207","0.3%","±0.2","27,138","±4,116","1.2%","±0.2","974","±572","0.4%","±0.2","N","N","N","N","10,145","±1,807","1.2%","±0.2","478","±353","0.4%","±0.3","11,152","±2,407","1.4%","±0.3","1,041","±622","0.2%","±0.1","2,335","±1,007","0.8%","±0.4","681","±520","0.3%","±0.2","N","N","N","N"
"            Vietnamese","1,826,998","±37,445","0.6%","±0.1","577","±545","0.3%","±0.3","N","N","N","N","N","N","N","N","3,280","±1,259","0.7%","±0.3","N","N","N","N","N","N","N","N","N","N","N","N","N","N","N","N","57","±90","0.1%","±0.1","47,328","±7,041","2.2%","±0.3","371","±360","0.1%","±0.1","N","N","N","N","5,484","±1,536","0.6%","±0.2","94","±166","0.1%","±0.1","11,257","±3,506","1.4%","±0.4","1,243","±776","0.2%","±0.2","2,728","±1,301","1.0%","±0.5","1,347","±739","0.6%","±0.3","N","N","N","N"
"            Other Asian","2,789,314","±47,137","0.9%","±0.1","1,775","±1,040","0.9%","±0.5","N","N","N","N","N","N","N","N","4,435","±1,560","0.9%","±0.3","N","N","N","N","N","N","N","N","N","N","N","N","N","N","N","N","341","±337","0.4%","±0.4","46,721","±6,024","2.1%","±0.3","960","±797","0.4%","±0.3","N","N","N","N","10,994","±2,803","1.3%","±0.3","132","±120","0.1%","±0.1","14,041","±3,218","1.8%","±0.4","3,461","±1,579","0.7%","±0.3","3,150","±2,107","1.1%","±0.8","582","±654","0.3%","±0.3","N","N","N","N"
"        Native Hawaiian and Other Pacific Islander","608,219","±15,786","0.2%","±0.1","0","±204","0.0%","±0.1","130","±228","0.2%","±0.3","30","±53","0.0%","±0.1","3,284","±775","0.7%","±0.2","413","±523","0.4%","±0.5","699","±821","0.8%","±0.9","0","±204","0.0%","±0.2","117","±120","0.2%","±0.2","296","±166","0.4%","±0.2","17,166","±1,931","0.8%","±0.1","2,366","±718","0.9%","±0.3","184","±255","0.2%","±0.3","14,001","±1,272","1.6%","±0.1","381","±237","0.3%","±0.2","3,370","±1,142","0.4%","±0.1","2,907","±583","0.6%","±0.1","1,669","±834","0.6%","±0.3","575","±200","0.3%","±0.1","65","±70","0.0%","±0.1"
"            Native Hawaiian","191,739","±12,017","0.1%","±0.1","N","N","N","N","N","N","N","N","N","N","N","N","N","N","N","N","N","N","N","N","N","N","N","N","N","N","N","N","N","N","N","N","N","N","N","N","2,566","±1,223","0.1%","±0.1","N","N","N","N","N","N","N","N","1,372","±776","0.2%","±0.1","N","N","N","N","N","N","N","N","N","N","N","N","N","N","N","N","N","N","N","N","N","N","N","N"
"            Guamanian or Chamorro","85,771","±6,279","0.0%","±0.1","N","N","N","N","N","N","N","N","N","N","N","N","N","N","N","N","N","N","N","N","N","N","N","N","N","N","N","N","N","N","N","N","N","N","N","N","1,274","±884","0.1%","±0.1","N","N","N","N","N","N","N","N","4,902","±2,127","0.6%","±0.2","N","N","N","N","N","N","N","N","N","N","N","N","N","N","N","N","N","N","N","N","N","N","N","N"
"            Samoan","105,076","±8,501","0.0%","±0.1","N","N","N","N","N","N","N","N","N","N","N","N","N","N","N","N","N","N","N","N","N","N","N","N","N","N","N","N","N","N","N","N","N","N","N","N","7,699","±3,216","0.4%","±0.1","N","N","N","N","N","N","N","N","4,919","±2,249","0.6%","±0.3","N","N","N","N","N","N","N","N","N","N","N","N","N","N","N","N","N","N","N","N","N","N","N","N"
"            Other Pacific Islander","225,633","±12,719","0.1%","±0.1","N","N","N","N","N","N","N","N","N","N","N","N","N","N","N","N","N","N","N","N","N","N","N","N","N","N","N","N","N","N","N","N","N","N","N","N","5,627","±2,244","0.3%","±0.1","N","N","N","N","N","N","N","N","2,808","±1,205","0.3%","±0.1","N","N","N","N","N","N","N","N","N","N","N","N","N","N","N","N","N","N","N","N","N","N","N","N"
"        Some other race","16,552,940","±124,599","5.1%","±0.1","15,480","±4,020","7.8%","±2.0","9,221","±4,766","12.0%","±6.2","586","±444","0.8%","±0.6","10,225","±2,833","2.2%","±0.6","765","±592","0.7%","±0.6","16,341","±4,585","17.7%","±5.0","26,293","±3,342","27.6%","±3.5","729","±524","1.0%","±0.7","979","±727","1.2%","±0.9","103,883","±9,211","4.7%","±0.4","4,944","±1,951","1.9%","±0.7","1,467","±914","1.9%","±1.2","24,187","±4,480","2.8%","±0.5","13,420","±2,603","10.7%","±2.1","22,898","±4,690","2.9%","±0.6","6,622","±2,159","1.3%","±0.4","3,961","±1,513","1.4%","±0.5","5,452","±1,958","2.5%","±0.9","35,546","±6,258","14.2%","±2.5"
"    Two or more races","10,715,465","±93,074","3.3%","±0.1","5,988","±1,680","3.0%","±0.8","2,567","±1,012","3.4%","±1.3","3,101","±742","4.1%","±1.0","23,106","±2,604","4.9%","±0.5","6,592","±1,405","6.2%","±1.3","4,929","±1,825","5.4%","±2.0","3,187","±1,737","3.3%","±1.8","2,944","±752","4.0%","±1.0","3,727","±1,355","4.5%","±1.6","141,374","±10,135","6.5%","±0.5","16,496","±2,107","6.2%","±0.8","4,513","±1,100","5.8%","±1.4","72,534","±5,351","8.3%","±0.6","4,553","±825","3.6%","±0.7","54,752","±5,117","6.8%","±0.6","25,994","±2,762","5.1%","±0.5","20,159","±2,484","7.2%","±0.9","11,114","±1,754","5.0%","±0.8","8,125","±1,789","3.2%","±0.7"
"        White and Black or African American","2,965,541","±49,555","0.9%","±0.1","1,520","±536","0.8%","±0.3","N","N","N","N","208","±274","0.3%","±0.4","6,122","±1,342","1.3%","±0.3","1,270","±1,113","1.2%","±1.0","380","±453","0.4%","±0.5","217","±312","0.2%","±0.3","368","±373","0.5%","±0.5","395","±424","0.5%","±0.5","27,607","±5,056","1.3%","±0.2","3,156","±1,004","1.2%","±0.4","720","±184","0.9%","±0.2","19,067","±3,256","2.2%","±0.4","1,001","±194","0.8%","±0.2","9,736","±2,003","1.2%","±0.2","6,288","±1,732","1.2%","±0.3","4,430","±1,360","1.6%","±0.5","1,406","±436","0.6%","±0.2","1,843","±1,120","0.7%","±0.4"
"        White and American Indian and Alaska Native","1,908,749","±27,162","0.6%","±0.1","2,154","±915","1.1%","±0.5","N","N","N","N","1,494","±514","2.0%","±0.7","6,387","±824","1.3%","±0.2","1,967","±806","1.8%","±0.8","1,336","±813","1.5%","±0.9","508","±503","0.5%","±0.5","1,536","±597","2.1%","±0.8","1,032","±773","1.2%","±0.9","20,226","±1,944","0.9%","±0.1","4,072","±647","1.5%","±0.2","2,462","±716","3.1%","±0.9","12,334","±2,110","1.4%","±0.2","1,409","±602","1.1%","±0.5","12,739","±1,890","1.6%","±0.2","7,315","±1,316","1.4%","±0.3","3,956","±969","1.4%","±0.3","1,863","±591","0.8%","±0.3","2,108","±922","0.8%","±0.4"
"        White and Asian","2,230,662","±33,611","0.7%","±0.1","1,240","±731","0.6%","±0.4","N","N","N","N","485","±413","0.6%","±0.5","5,111","±1,434","1.1%","±0.3","527","±538","0.5%","±0.5","451","±551","0.5%","±0.6","241","±270","0.3%","±0.3","204","±197","0.3%","±0.3","1,370","±906","1.6%","±1.1","52,246","±5,206","2.4%","±0.2","4,414","±1,386","1.7%","±0.5","234","±278","0.3%","±0.4","19,635","±2,965","2.2%","±0.3","1,099","±399","0.9%","±0.3","12,162","±2,136","1.5%","±0.3","4,879","±1,369","1.0%","±0.3","4,921","±1,382","1.8%","±0.5","4,014","±1,530","1.8%","±0.7","1,993","±707","0.8%","±0.3"
"        Black or African American and American Indian and Alaska Native","316,918","±13,732","0.1%","±0.1","0","±204","0.0%","±0.1","N","N","N","N","127","±167","0.2%","±0.2","0","±204","0.0%","±0.1","452","±582","0.4%","±0.5","97","±169","0.1%","±0.2","0","±204","0.0%","±0.2","0","±204","0.0%","±0.2","36","±73","0.0%","±0.1","3,155","±2,024","0.1%","±0.1","19","±36","0.0%","±0.1","0","±204","0.0%","±0.2","1,456","±737","0.2%","±0.1","0","±204","0.0%","±0.1","369","±375","0.0%","±0.1","768","±655","0.2%","±0.1","0","±204","0.0%","±0.1","0","±204","0.0%","±0.1","61","±105","0.0%","±0.1"
"    Race alone or in combination with one or more other races","","","","","","","","","","","","","","","","","","","","","","","","","","","","","","","","","","","","","","","","","","","","","","","","","","","","","","","","","","","","","","","","","","","","","","","","","","","","","","","",""
"        Total population","325,719,178","*****","325,719,178","(X)","198,171","*****","198,171","(X)","76,533","*****","76,533","(X)","75,474","*****","75,474","(X)","474,643","*****","474,643","(X)","106,910","*****","106,910","(X)","92,125","*****","92,125","(X)","95,158","*****","95,158","(X)","72,697","*****","72,697","(X)","83,159","*****","83,159","(X)","2,188,649","*****","2,188,649","(X)","266,414","*****","266,414","(X)","78,200","*****","78,200","(X)","876,764","*****","876,764","(X)","125,619","*****","125,619","(X)","801,633","*****","801,633","(X)","506,152","*****","506,152","(X)","280,588","*****","280,588","(X)","221,404","*****","221,404","(X)","250,193","*****","250,193","(X)"
"            White","244,691,364","±150,128","75.1%","±0.1","169,681","±4,352","85.6%","±2.2","65,369","±4,799","85.4%","±6.3","68,644","±818","91.0%","±1.1","425,565","±3,554","89.7%","±0.7","100,355","±1,495","93.9%","±1.4","67,818","±4,342","73.6%","±4.7","64,999","±3,473","68.3%","±3.7","66,627","±961","91.7%","±1.3","73,169","±1,395","88.0%","±1.7","1,521,398","±12,057","69.5%","±0.6","232,266","±2,596","87.2%","±1.0","74,462","±1,020","95.2%","±1.3","706,457","±7,477","80.6%","±0.9","106,346","±2,384","84.7%","±1.9","652,530","±5,277","81.4%","±0.7","468,838","±3,467","92.6%","±0.7","246,868","±3,042","88.0%","±1.1","196,741","±2,180","88.9%","±1.0","199,834","±6,395","79.9%","±2.6"
"            Black or African American","45,789,188","±49,117","14.1%","±0.1","4,643","±353","2.3%","±0.2","1,161","±1,133","1.5%","±1.5","1,354","±305","1.8%","±0.4","16,096","±701","3.4%","±0.1","3,873","±1,360","3.6%","±1.3","2,507","±1,474","2.7%","±1.6","523","±439","0.5%","±0.5","1,618","±341","2.2%","±0.5","3,964","±609","4.8%","±0.7","179,275","±3,282","8.2%","±0.1","11,886","±729","4.5%","±0.3","1,174","±220","1.5%","±0.3","87,580","±1,872","10.0%","±0.2","2,044","±407","1.6%","±0.3","39,229","±3,203","4.9%","±0.4","16,646","±1,120","3.3%","±0.2","14,383","±1,052","5.1%","±0.4","4,760","±771","2.1%","±0.3","3,392","±481","1.4%","±0.2"
"            American Indian and Alaska Native","5,631,945","±46,437","1.7%","±0.1","4,955","±2,042","2.5%","±1.0","1,249","±911","1.6%","±1.2","5,602","±297","7.4%","±0.4","9,486","±859","2.0%","±0.2","3,539","±820","3.3%","±0.8","4,133","±2,014","4.5%","±2.2","3,068","±719","3.2%","±0.8","4,698","±401","6.5%","±0.6","2,572","±739","3.1%","±0.9","42,325","±3,680","1.9%","±0.2","8,185","±756","3.1%","±0.3","3,064","±657","3.9%","±0.8","27,549","±2,315","3.1%","±0.3","3,991","±383","3.2%","±0.3","22,777","±2,231","2.8%","±0.3","17,464","±2,158","3.5%","±0.4","8,862","±1,142","3.2%","±0.4","9,667","±1,019","4.4%","±0.5","13,546","±1,068","5.4%","±0.4"
"            Asian","21,646,070","±33,885","6.6%","±0.1","8,390","±374","4.2%","±0.2","1,247","±928","1.6%","±1.2","2,187","±160","2.9%","±0.2","30,511","±737","6.4%","±0.2","2,463","±204","2.3%","±0.2","2,807","±1,031","3.0%","±1.1","1,573","±459","1.7%","±0.5","1,582","±204","2.2%","±0.2","6,062","±405","7.3%","±0.5","452,381","±2,987","20.7%","±0.1","21,812","±519","8.2%","±0.2","1,540","±217","2.0%","±0.3","83,839","±2,271","9.6%","±0.3","3,976","±285","3.2%","±0.2","107,516","±1,419","13.4%","±0.2","19,057","±529","3.8%","±0.1","23,712","±675","8.5%","±0.2","14,200","±855","6.4%","±0.4","4,563","±462","1.8%","±0.2"
"            Native Hawaiian and Other Pacific Islander","1,407,096","±27,471","0.4%","±0.1","N","N","N","N","N","N","N","N","N","N","N","N","5,880","±805","1.2%","±0.2","2,191","±1,382","2.0%","±1.3","1,317","±1,037","1.4%","±1.1","N","N","N","N","799","±599","1.1%","±0.8","668","±248","0.8%","±0.3","28,246","±3,606","1.3%","±0.2","4,537","±868","1.7%","±0.3","280","±246","0.4%","±0.3","21,875","±1,905","2.5%","±0.2","1,130","±512","0.9%","±0.4","10,304","±2,621","1.3%","±0.3","6,069","±1,359","1.2%","±0.3","5,041","±939","1.8%","±0.3","1,812","±724","0.8%","±0.3","359","±242","0.1%","±0.1"
"            Some other race","18,346,638","±130,586","5.6%","±0.1","16,003","±4,089","8.1%","±2.1","9,944","±4,649","13.0%","±6.1","1,105","±715","1.5%","±0.9","11,975","±2,870","2.5%","±0.6","1,081","±715","1.0%","±0.7","18,472","±4,848","20.1%","±5.3","27,958","±2,984","29.4%","±3.1","850","±590","1.2%","±0.8","1,211","±728","1.5%","±0.9","119,570","±8,550","5.5%","±0.4","5,955","±2,027","2.2%","±0.8","2,344","±1,105","3.0%","±1.4","30,536","±4,881","3.5%","±0.6","13,825","±2,641","11.0%","±2.1","31,689","±5,042","4.0%","±0.6","8,877","±2,243","1.8%","±0.4","5,857","±1,903","2.1%","±0.7","7,128","±2,199","3.2%","±1.0","37,234","±6,128","14.9%","±2.4"
"HISPANIC OR LATINO AND RACE","","","","","","","","","","","","","","","","","","","","","","","","","","","","","","","","","","","","","","","","","","","","","","","","","","","","","","","","","","","","","","","","","","","","","","","","","","","","","","","",""
"    Total population","325,719,178","*****","325,719,178","(X)","198,171","*****","198,171","(X)","76,533","*****","76,533","(X)","75,474","*****","75,474","(X)","474,643","*****","474,643","(X)","106,910","*****","106,910","(X)","92,125","*****","92,125","(X)","95,158","*****","95,158","(X)","72,697","*****","72,697","(X)","83,159","*****","83,159","(X)","2,188,649","*****","2,188,649","(X)","266,414","*****","266,414","(X)","78,200","*****","78,200","(X)","876,764","*****","876,764","(X)","125,619","*****","125,619","(X)","801,633","*****","801,633","(X)","506,152","*****","506,152","(X)","280,588","*****","280,588","(X)","221,404","*****","221,404","(X)","250,193","*****","250,193","(X)"
"        Hispanic or Latino (of any race)","58,846,134","±10,193","18.1%","±0.1","43,406","*****","21.9%","*****","21,527","*****","28.1%","*****","4,779","*****","6.3%","*****","45,815","*****","9.7%","*****","9,656","*****","9.0%","*****","49,086","*****","53.3%","*****","39,682","*****","41.7%","*****","7,273","*****","10.0%","*****","6,534","*****","7.9%","*****","212,412","*****","9.7%","*****","20,712","*****","7.8%","*****","7,930","*****","10.1%","*****","95,644","*****","10.9%","*****","23,017","*****","18.3%","*****","81,809","*****","10.2%","*****","29,049","*****","5.7%","*****","25,218","*****","9.0%","*****","20,820","*****","9.4%","*****","123,693","*****","49.4%","*****"
"            Mexican","36,668,018","±93,695","11.3%","±0.1","39,840","±1,970","20.1%","±1.0","N","N","N","N","N","N","N","N","37,402","±1,898","7.9%","±0.4","N","N","N","N","N","N","N","N","N","N","N","N","N","N","N","N","4,391","±706","5.3%","±0.8","148,706","±7,301","6.8%","±0.3","14,103","±2,046","5.3%","±0.8","N","N","N","N","70,416","±3,999","8.0%","±0.5","21,376","±917","17.0%","±0.7","55,648","±4,766","6.9%","±0.6","19,830","±2,297","3.9%","±0.5","17,353","±1,707","6.2%","±0.6","13,974","±1,793","6.3%","±0.8","118,727","±2,013","47.5%","±0.8"
"            Puerto Rican","5,588,664","±67,935","1.7%","±0.1","417","±424","0.2%","±0.2","N","N","N","N","N","N","N","N","1,218","±739","0.3%","±0.2","N","N","N","N","N","N","N","N","N","N","N","N","N","N","N","N","559","±428","0.7%","±0.5","7,357","±2,678","0.3%","±0.1","1,869","±1,308","0.7%","±0.5","N","N","N","N","10,935","±2,205","1.2%","±0.3","361","±302","0.3%","±0.2","4,282","±1,532","0.5%","±0.2","2,527","±1,263","0.5%","±0.2","1,713","±786","0.6%","±0.3","2,216","±1,369","1.0%","±0.6","923","±1,085","0.4%","±0.4"
"            Cuban","2,315,863","±40,628","0.7%","±0.1","517","±464","0.3%","±0.2","N","N","N","N","N","N","N","N","533","±312","0.1%","±0.1","N","N","N","N","N","N","N","N","N","N","N","N","N","N","N","N","56","±100","0.1%","±0.1","2,893","±978","0.1%","±0.1","229","±221","0.1%","±0.1","N","N","N","N","943","±463","0.1%","±0.1","16","±31","0.0%","±0.1","2,839","±1,764","0.4%","±0.2","918","±722","0.2%","±0.1","582","±532","0.2%","±0.2","546","±645","0.2%","±0.3","63","±115","0.0%","±0.1"
"            Other Hispanic or Latino","14,273,589","±96,763","4.4%","±0.1","2,632","±1,732","1.3%","±0.9","N","N","N","N","N","N","N","N","6,662","±1,727","1.4%","±0.4","N","N","N","N","N","N","N","N","N","N","N","N","N","N","N","N","1,528","±627","1.8%","±0.8","53,456","±7,597","2.4%","±0.3","4,511","±1,396","1.7%","±0.5","N","N","N","N","13,350","±3,068","1.5%","±0.3","1,264","±842","1.0%","±0.7","19,040","±4,558","2.4%","±0.6","5,774","±1,838","1.1%","±0.4","5,570","±1,815","2.0%","±0.6","4,084","±1,718","1.8%","±0.8","3,980","±1,660","1.6%","±0.7"
"        Not Hispanic or Latino","266,873,044","±10,193","81.9%","±0.1","154,765","*****","78.1%","*****","55,006","*****","71.9%","*****","70,695","*****","93.7%","*****","428,828","*****","90.3%","*****","97,254","*****","91.0%","*****","43,039","*****","46.7%","*****","55,476","*****","58.3%","*****","65,424","*****","90.0%","*****","76,625","*****","92.1%","*****","1,976,237","*****","90.3%","*****","245,702","*****","92.2%","*****","70,270","*****","89.9%","*****","781,120","*****","89.1%","*****","102,602","*****","81.7%","*****","719,824","*****","89.8%","*****","477,103","*****","94.3%","*****","255,370","*****","91.0%","*****","200,584","*****","90.6%","*****","126,500","*****","50.6%","*****"
"            White alone","197,285,202","±25,021","60.6%","±0.1","139,397","±124","70.3%","±0.1","N","N","N","N","62,282","±206","82.5%","±0.3","371,599","±1,259","78.3%","±0.3","89,446","±87","83.7%","±0.1","37,169","±204","40.3%","±0.2","51,149","±111","53.8%","±0.1","57,813","±204","79.5%","±0.2","65,729","±196","79.0%","±0.2","1,309,568","±1,385","59.8%","±0.1","203,981","±221","76.6%","±0.1","65,338","±52","83.6%","±0.1","585,116","±1,098","66.7%","±0.1","93,354","±214","74.3%","±0.2","556,794","±1,595","69.5%","±0.2","427,829","±489","84.5%","±0.1","209,707","±731","74.7%","±0.3","175,074","±162","79.1%","±0.1","107,925","±190","43.1%","±0.1"
"            Black or African American alone","40,129,593","±66,631","12.3%","±0.1","2,868","±535","1.4%","±0.3","N","N","N","N","780","±299","1.0%","±0.4","7,819","±1,285","1.6%","±0.3","1,201","±293","1.1%","±0.3","1,248","±915","1.4%","±1.0","257","±246","0.3%","±0.3","583","±329","0.8%","±0.5","2,642","±452","3.2%","±0.5","133,498","±5,330","6.1%","±0.2","6,755","±897","2.5%","±0.3","242","±184","0.3%","±0.2","58,306","±3,320","6.7%","±0.4","615","±166","0.5%","±0.1","22,891","±1,746","2.9%","±0.2","6,720","±1,508","1.3%","±0.3","7,737","±1,308","2.8%","±0.5","2,364","±386","1.1%","±0.2","1,439","±1,010","0.6%","±0.4"
"            American Indian and Alaska Native alone","2,145,162","±20,808","0.7%","±0.1","1,080","±518","0.5%","±0.3","N","N","N","N","3,541","±520","4.7%","±0.7","1,574","±659","0.3%","±0.1","854","±611","0.8%","±0.6","338","±196","0.4%","±0.2","1,978","±746","2.1%","±0.8","2,945","±535","4.1%","±0.7","898","±413","1.1%","±0.5","8,058","±1,683","0.4%","±0.1","2,679","±646","1.0%","±0.2","525","±377","0.7%","±0.5","7,602","±1,964","0.9%","±0.2","2,144","±496","1.7%","±0.4","5,378","±1,059","0.7%","±0.1","5,056","±1,094","1.0%","±0.2","2,672","±841","1.0%","±0.3","6,010","±636","2.7%","±0.3","9,578","±816","3.8%","±0.3"
"            Asian alone","17,999,846","±36,667","5.5%","±0.1","6,378","±913","3.2%","±0.5","N","N","N","N","1,450","±467","1.9%","±0.6","23,153","±1,446","4.9%","±0.3","1,362","±531","1.3%","±0.5","2,110","±1,195","2.3%","±1.3","957","±270","1.0%","±0.3","1,335","±208","1.8%","±0.3","4,337","±917","5.2%","±1.1","379,302","±5,696","17.3%","±0.3","15,038","±1,414","5.6%","±0.5","1,064","±386","1.4%","±0.5","51,877","±3,365","5.9%","±0.4","2,239","±293","1.8%","±0.2","86,625","±3,213","10.8%","±0.4","10,973","±1,482","2.2%","±0.3","16,007","±1,541","5.7%","±0.5","8,800","±1,311","4.0%","±0.6","2,085","±637","0.8%","±0.3"
"            Native Hawaiian and Other Pacific Islander alone","546,778","±14,210","0.2%","±0.1","0","±204","0.0%","±0.1","N","N","N","N","30","±53","0.0%","±0.1","3,264","±788","0.7%","±0.2","413","±523","0.4%","±0.5","352","±556","0.4%","±0.6","0","±204","0.0%","±0.2","117","±120","0.2%","±0.2","296","±166","0.4%","±0.2","16,765","±1,987","0.8%","±0.1","2,168","±688","0.8%","±0.3","70","±87","0.1%","±0.1","13,224","±958","1.5%","±0.1","238","±136","0.2%","±0.1","3,286","±1,118","0.4%","±0.1","2,835","±571","0.6%","±0.1","1,596","±827","0.6%","±0.3","530","±177","0.2%","±0.1","65","±70","0.0%","±0.1"
"            Some other race alone","833,898","±29,253","0.3%","±0.1","72","±124","0.0%","±0.1","N","N","N","N","122","±199","0.2%","±0.3","1,154","±1,254","0.2%","±0.3","0","±204","0.0%","±0.2","0","±204","0.0%","±0.2","35","±58","0.0%","±0.1","0","±204","0.0%","±0.2","80","±116","0.1%","±0.1","7,055","±2,296","0.3%","±0.1","91","±152","0.0%","±0.1","31","±52","0.0%","±0.1","2,239","±1,322","0.3%","±0.2","154","±199","0.1%","±0.2","2,574","±1,292","0.3%","±0.2","370","±399","0.1%","±0.1","635","±649","0.2%","±0.2","104","±162","0.0%","±0.1","116","±190","0.0%","±0.1"
"            Two or more races","7,932,565","±76,889","2.4%","±0.1","4,970","±1,265","2.5%","±0.6","N","N","N","N","2,490","±642","3.3%","±0.9","20,265","±2,365","4.3%","±0.5","3,978","±901","3.7%","±0.8","1,822","±967","2.0%","±1.0","1,100","±646","1.2%","±0.7","2,631","±642","3.6%","±0.9","2,643","±1,104","3.2%","±1.3","121,991","±8,954","5.6%","±0.4","14,990","±1,907","5.6%","±0.7","3,000","±550","3.8%","±0.7","62,756","±5,533","7.2%","±0.6","3,858","±623","3.1%","±0.5","42,276","±3,653","5.3%","±0.5","23,320","±2,425","4.6%","±0.5","17,016","±2,170","6.1%","±0.8","7,702","±1,511","3.5%","±0.7","5,292","±1,278","2.1%","±0.5"
"                Two races including Some other race","321,268","±16,084","0.1%","±0.1","40","±69","0.0%","±0.1","N","N","N","N","31","±53","0.0%","±0.1","71","±82","0.0%","±0.1","51","±87","0.0%","±0.1","0","±204","0.0%","±0.2","75","±121","0.1%","±0.1","43","±75","0.1%","±0.1","117","±160","0.1%","±0.2","3,853","±1,480","0.2%","±0.1","219","±221","0.1%","±0.1","0","±204","0.0%","±0.2","1,906","±1,675","0.2%","±0.2","88","±98","0.1%","±0.1","1,602","±1,002","0.2%","±0.1","306","±283","0.1%","±0.1","320","±333","0.1%","±0.1","8","±15","0.0%","±0.1","41","±72","0.0%","±0.1"
"                Two races excluding Some other race, and Three or more races","7,611,297","±75,458","2.3%","±0.1","4,930","±1,269","2.5%","±0.6","N","N","N","N","2,459","±639","3.3%","±0.8","20,194","±2,381","4.3%","±0.5","3,927","±922","3.7%","±0.9","1,822","±967","2.0%","±1.0","1,025","±636","1.1%","±0.7","2,588","±640","3.6%","±0.9","2,526","±1,095","3.0%","±1.3","118,138","±8,850","5.4%","±0.4","14,771","±1,915","5.5%","±0.7","3,000","±550","3.8%","±0.7","60,850","±5,121","6.9%","±0.6","3,770","±630","3.0%","±0.5","40,674","±3,476","5.1%","±0.4","23,014","±2,417","4.5%","±0.5","16,696","±2,144","6.0%","±0.8","7,694","±1,510","3.5%","±0.7","5,251","±1,288","2.1%","±0.5"
"    Total housing units","137,407,308","±4,122","(X)","(X)","76,293","±254","(X)","(X)","37,641","±216","(X)","(X)","36,918","±243","(X)","(X)","182,489","±333","(X)","(X)","44,673","±360","(X)","(X)","27,959","±249","(X)","(X)","37,459","±115","(X)","(X)","36,191","±402","(X)","(X)","41,884","±396","(X)","(X)","934,617","±995","(X)","(X)","112,658","±692","(X)","(X)","35,088","±315","(X)","(X)","346,056","±958","(X)","(X)","53,807","±325","(X)","(X)","310,102","±498","(X)","(X)","216,559","±674","(X)","(X)","116,820","±456","(X)","(X)","96,626","±454","(X)","(X)","88,610","±470","(X)","(X)"
"CITIZEN, VOTING AGE POPULATION","","","","","","","","","","","","","","","","","","","","","","","","","","","","","","","","","","","","","","","","","","","","","","","","","","","","","","","","","","","","","","","","","","","","","","","","","","","","","","","",""
"    Citizen, 18 and over population","231,416,670","±148,476","231,416,670","(X)","133,061","±2,117","133,061","(X)","51,464","±1,880","51,464","(X)","60,972","±716","60,972","(X)","341,307","±2,430","341,307","(X)","80,837","±643","80,837","(X)","47,680","±2,329","47,680","(X)","55,309","±1,705","55,309","(X)","55,403","±754","55,403","(X)","65,658","±803","65,658","(X)","1,495,733","±9,511","1,495,733","(X)","206,075","±1,243","206,075","(X)","58,798","±729","58,798","(X)","638,492","±3,329","638,492","(X)","90,792","±1,701","90,792","(X)","566,885","±4,881","566,885","(X)","381,945","±2,375","381,945","(X)","210,539","±1,710","210,539","(X)","168,060","±1,894","168,060","(X)","147,696","±2,750","147,696","(X)"
"        Male","112,252,888","±86,882","48.5%","±0.1","65,717","±1,250","49.4%","±0.6","24,206","±1,221","47.0%","±1.6","29,331","±521","48.1%","±0.8","167,249","±1,710","49.0%","±0.3","40,452","±860","50.0%","±0.9","25,311","±1,499","53.1%","±2.1","27,202","±1,004","49.2%","±1.2","28,319","±574","51.1%","±0.5","32,566","±446","49.6%","±0.7","740,606","±6,345","49.5%","±0.2","106,087","±864","51.5%","±0.3","29,100","±444","49.5%","±0.7","315,378","±2,525","49.4%","±0.2","44,496","±911","49.0%","±0.6","281,402","±3,430","49.6%","±0.4","188,110","±1,538","49.3%","±0.2","102,628","±1,074","48.7%","±0.4","83,317","±996","49.6%","±0.5","71,725","±1,811","48.6%","±0.7"
"        Female","119,163,782","±79,332","51.5%","±0.1","67,344","±1,363","50.6%","±0.6","27,258","±1,302","53.0%","±1.6","31,641","±666","51.9%","±0.8","174,058","±1,616","51.0%","±0.3","40,385","±782","50.0%","±0.9","22,369","±1,582","46.9%","±2.1","28,107","±1,143","50.8%","±1.2","27,084","±337","48.9%","±0.5","33,092","±766","50.4%","±0.7","755,127","±5,257","50.5%","±0.2","99,988","±919","48.5%","±0.3","29,698","±634","50.5%","±0.7","323,114","±1,959","50.6%","±0.2","46,296","±1,064","51.0%","±0.6","285,483","±2,833","50.4%","±0.4","193,835","±1,331","50.7%","±0.2","107,911","±1,295","51.3%","±0.4","84,743","±1,430","50.4%","±0.5","75,971","±1,666","51.4%","±0.7"
